{"method": "ALDE-DNN", "r2": [0.06806892740413384, -0.04193287710185256, -0.19568379919510503, -0.051183617192775754, 0.016364653191374368, 0.07010657810625076, -0.029249254000681013, 0.048604477088805664, -0.17289097095530193, -0.10841854754050995, -0.030363430905698596, -0.07242364996702255, -0.004399698570294319, 0.04322255153762011, 0.02697512306096883, 0.010196964674649367, -0.17168856419051193, 0.022050521460153738, -0.17221220444662633, 0.005091557732389451], "sp": [0.39392628630771004, 0.23693183560255032, 0.2196267153811405, 0.24832536908582198, 0.34058318330931214, 0.3862217953741578, 0.3417615733583189, 0.3181144585227127, 0.24135861469805928, 0.25463598317217734, 0.3492943899988268, 0.31613274101137606, 0.2508876061210076, 0.3166703740505318, 0.23436756849521811, 0.3295843887366241, 0.3424806191163791, 0.25510684959056057, 0.30009819529617326, 0.26905041624724807]}