{"method": "ALDE-XGB", "r2": [0.0132332444190979, 0.0409737229347229, 0.04422473907470703, 0.001566171646118164, 0.10125833749771118, 0.023563861846923828, 0.06003439426422119, 0.009352684020996094, 0.02123701572418213, 0.04326218366622925, 0.06187194585800171, 0.12829208374023438, 0.022627830505371094, 0.024228990077972412, 0.0363655686378479, 0.039167940616607666, 0.078868567943573, 0.045955002307891846, 0.0479770302772522, -0.010233283042907715], "sp": [0.3603301493201476, 0.408904457794464, 0.2883123422156869, 0.2651513353908768, 0.4092701243176069, 0.36847700820992096, 0.3679250345467952, 0.26606204813435685, 0.21914649175099912, 0.3188674833558647, 0.3455696157933714, 0.4422785493017029, 0.33692306953433415, 0.35578806659775714, 0.3390453569794171, 0.302276514253841, 0.3655171888517288, 0.28283468510829285, 0.35742523852341035, 0.26324196597697175]}