{"method": "DNN-ESMc-L", "r2": [0.2185264870435466, 0.15164156002847617, 0.25798587429701914, 0.08858561044957591, 0.2979967686107694, 0.28735710455350727, 0.2104128957796897, 0.17164934931376385, 0.15532672803669, 0.18526108833620714, 0.2201129820469897, 0.30048158879204856, 0.12502654891255283, 0.21928995423005992, 0.11621844194649733, 0.26034949458383794, 0.26319770081639215, 0.19097274685148158, 0.2610333144375232, 0.11577502630649406], "sp": [0.48399856011823317, 0.45312823194698576, 0.3420032691309741, 0.38834895811697073, 0.4362710283113878, 0.4541237891977147, 0.46917455948727393, 0.42703883823926586, 0.359126867946151, 0.4018353446735722, 0.44262397034837014, 0.49191457283568474, 0.40492342754465005, 0.45612904036607577, 0.4421756295606399, 0.48768997141061465, 0.4478501655624989, 0.4199520835092083, 0.41392265162884756, 0.3938984341661838]}