{"method": "DNN-ESMc-S", "r2": [0.2093187279451657, 0.14934632228509026, 0.2504322560398555, 0.07919852240412639, 0.2877012403388939, 0.2827062246559483, 0.19689730655865278, 0.17197675615500663, 0.14326005377119722, 0.18269484756597554, 0.201179016984125, 0.29071478392377514, 0.12230036258987109, 0.22801523415274205, 0.11459729354797521, 0.2614583278549417, 0.24316939538874605, 0.199676383603695, 0.23909752216090763, 0.11924251307770661], "sp": [0.45357011920351115, 0.37738415429763356, 0.3152539617209815, 0.3865871657784459, 0.43480193595488104, 0.449257715915848, 0.4522453213344205, 0.4246037956455007, 0.33329375160971175, 0.38304121720254947, 0.4293670699474902, 0.4828388980166274, 0.3855364960779207, 0.48309314219822536, 0.3834370057316068, 0.4589635233188078, 0.4254391091414034, 0.4064687076368279, 0.38025092244857783, 0.4009297948250385]}