{"method": "DNN-ESMc-mean", "r2": [0.1975815737635469, 0.08552610471561839, 0.2381161052122862, 0.07196604531908224, 0.34048223583677906, 0.2814632039652536, 0.1972058200740473, 0.16872782129687425, 0.1329397263147345, 0.21692981083962803, 0.22025833885798685, 0.3112771364443758, 0.13915508272283061, 0.2422494625279219, 0.11660995588700418, 0.24368089012653382, 0.24911319719298364, 0.21956907578218998, 0.1668006609479018, 0.15089516755064802], "sp": [0.4150727355470511, 0.4100907573354823, 0.40675237389984853, 0.41454733007561384, 0.4323101534357197, 0.4935019315171714, 0.49226051227994244, 0.4355422867757133, 0.3743325773235759, 0.44306254404741763, 0.45949487538395645, 0.5245289861157012, 0.4480227421636004, 0.47909222880118124, 0.45497509184197293, 0.4717375915598058, 0.4466084147730217, 0.4788474312239732, 0.43527540253160785, 0.45391230913442476]}