{"method": "RF-ESM2", "r2": [0.06933255589197096, 0.06544003751497995, 0.12872074791431487, 0.029985494012994662, 0.15949457074277718, 0.12283226277824588, 0.12288477393691166, 0.07189362172675906, 0.04014616597026843, -0.09004261196911534, 0.02577349512353244, 0.14289088843396114, 0.09132557376928807, 0.04581165081720562, 0.055169082700297856, 0.1709827925462477, 0.06117305948501772, 0.10957030208511209, 0.06558608457620385, 0.06993808674713153], "sp": [0.3019743885409918, 0.29834214158957195, 0.2949201251398366, 0.27569715779977894, 0.3751851267748943, 0.38776339967826207, 0.36505511250810296, 0.30393670242672083, 0.280701611459681, 0.3081685980323545, 0.27855214476608, 0.38027906925216937, 0.30027153094901293, 0.36363977161994065, 0.3308033700737884, 0.3369480602512959, 0.35235438343134035, 0.3336004378597992, 0.29790215324637426, 0.3573755591346985]}