{"method": "RF-ESMc", "r2": [0.08738527686417441, 0.09169973203863391, 0.14593497304893166, 0.03868369235919611, 0.1620028512725743, 0.13416796783875673, 0.05946188492412041, 0.09030323100161985, 0.11242654435887578, 0.12182035269738023, -0.16367257618202036, 0.13088746107617288, 0.07796385367187708, 0.10643151524106864, 0.05419227549981853, 0.13668117738839547, 0.06429339547741975, 0.1098276026461461, 0.08888484893634019, 0.0050364927084034505], "sp": [0.33360413238603936, 0.32393970626211616, 0.3128830743910379, 0.30128346581231025, 0.38689832910175703, 0.38026577155662084, 0.2871995210531083, 0.34088319752131385, 0.3281277010295217, 0.3583585801249281, 0.34752096321898207, 0.3702037814245414, 0.2944628024821916, 0.3704988390255048, 0.34980267404725696, 0.3387384898356503, 0.34646959999409, 0.35005357326189146, 0.32146818808111755, 0.3391805372232776]}