{"method": "XGB-ESMc", "r2": [0.010301589965820312, 0.04628056287765503, -0.009243369102478027, -0.11440038681030273, 0.09723621606826782, 0.08948171138763428, -0.24770140647888184, 0.04469996690750122, -0.5764548778533936, -0.03290987014770508, -0.8148701190948486, 0.013273537158966064, -0.003069162368774414, 0.01628512144088745, 0.05126762390136719, 0.10780328512191772, -0.2070995569229126, 0.07911008596420288, -0.3238874673843384, -0.11027121543884277], "sp": [0.29345379971762475, 0.31945118210649187, 0.23026011221548018, 0.30598357189291364, 0.38410895513486926, 0.33996086135019354, 0.23441942940913588, 0.2810794738527669, 0.2827336216062868, 0.30253004333351213, 0.3729758885367358, 0.3076133930164768, 0.25563156061864506, 0.30667969229428943, 0.3607384977104401, 0.3307262487583146, 0.309757060843251, 0.33171044847836206, 0.29082065252618383, 0.32583971240979553]}